{
    "accuracy": {
        "test": 0.8014981273408239
    },
    "precision": {
        "test": 0.75
    },
    "recall": {
        "test": 0.7281553398058253
    },
    "f1_score": {
        "test": 0.7389162561576353
    }
}
